batch,total_chains,elapsed_sec,ks_stat,converged,eta_mean,eta_sd
1,4,105.68399999999929,0.020537500000013486,TRUE,0.03219164141059743,0.024363833791927282
