batch,total_chains,elapsed_sec,ks_stat,converged,eta_mean,eta_sd
1,4,285.66200000000026,0.025500000000005824,TRUE,0.03255391009296599,0.02588454479783035
